qualId,type,institution,dateAwarded,staffId
1,PhD Civil Engineering,University of Sydney,2010-11-20,1
2,Master of Architecture,UNSW,2015-06-15,2
3,PhD Structural Engineering,University of Melbourne,2012-08-10,3
4,Master of Construction Mgmt,QUT,2018-12-01,4
5,Bachelor of Project Management,RMIT,2013-11-30,5
6,Bachelor of Commerce,University of Adelaide,2011-07-22,6
7,Bachelor of HR Management,Deakin University,2009-05-14,7
8,Certificate III Construction,TAFE NSW,2021-02-10,8
9,Certificate III Construction,TAFE QLD,2022-03-05,9
10,Diploma of Building & Construction,TAFE VIC,2020-09-18,10
